mean_fit_time,std_fit_time,mean_score_time,std_score_time,param_model__class_weight,param_model__max_depth,param_model__min_samples_leaf,params,split0_test_score,split1_test_score,split2_test_score,split3_test_score,split4_test_score,mean_test_score,std_test_score,rank_test_score,split0_train_score,split1_train_score,split2_train_score,split3_train_score,split4_train_score,mean_train_score,std_train_score
0.028653287887573244,0.000683451159620865,0.01168360710144043,0.0012271453747261392,,3,1,"{'model__class_weight': None, 'model__max_depth': 3, 'model__min_samples_leaf': 1}",0.9678495694525092,0.9650779020632554,0.9657832480818415,0.9611101091890565,0.9633544394601153,0.9646350536493555,0.002276522926354415,18,0.9693252759861077,0.9666926916932908,0.9685476955693895,0.9657941907522712,0.9672029536709096,0.9675125615343937,0.001271084409800786
0.028185462951660155,0.002379340544206032,0.018836545944213866,0.01012200811844363,,3,5,"{'model__class_weight': None, 'model__max_depth': 3, 'model__min_samples_leaf': 5}",0.9668327667553039,0.9639342693044033,0.9663319845757466,0.9611101091890565,0.9633544394601153,0.9643127138569252,0.0020854883171135766,19,0.9695727074813613,0.9654197093922912,0.9682896195811354,0.9657941907522712,0.9669387997560822,0.9672030053926282,0.0015511883391835925
0.03345651626586914,0.005659744068849769,0.011419296264648438,0.001970131502719444,,3,20,"{'model__class_weight': None, 'model__max_depth': 3, 'model__min_samples_leaf': 20}",0.9663319845757466,0.9661970362857787,0.9673385549872122,0.9652026471930626,0.9644223037817088,0.9658985053647019,0.0010014147553544046,17,0.96917005,0.9658141965282936,0.9657748888060255,0.9663142649847797,0.9666977865983075,0.9667542373834813,0.0012550468872901722
0.034104537963867185,0.004003344336278427,0.022365522384643555,0.021953739594480177,,5,1,"{'model__class_weight': None, 'model__max_depth': 5, 'model__min_samples_leaf': 1}",0.9673436653033065,0.9693927132506787,0.9683581272322932,0.9710026909640261,0.9716086666666667,0.9695411726833942,0.0015913040239729228,13,0.977612671316691,0.9761526237266159,0.9739783525705313,0.9782295790706331,0.9767638769705765,0.9765474207310095,0.0014674634360943035
0.03746342658996582,0.005536799948686143,0.013384008407592773,0.006153398683573325,,5,5,"{'model__class_weight': None, 'model__max_depth': 5, 'model__min_samples_leaf': 5}",0.9678484827692322,0.9693927132506787,0.9673092337287592,0.9687621566741477,0.9710667413572344,0.9688758655560104,0.0013107134468228884,14,0.9763034300381094,0.9743582306351949,0.9737001062598258,0.9768164511415626,0.9761948910120717,0.975474621817353,0.0012166718087034882
0.03768758773803711,0.005350061324154717,0.011296892166137695,0.0010625172338030056,,5,20,"{'model__class_weight': None, 'model__max_depth': 5, 'model__min_samples_leaf': 20}",0.9683171066560133,0.9716680025649247,0.9723347409874787,0.9736274538443561,0.9684999137633667,0.9708894435632279,0.0021221926817268826,11,0.9735515822022738,0.9742555648993592,0.9707845986755358,0.9762214490305523,0.9739837728665326,0.9737593935348506,0.0017464729815438002
0.03968415260314941,0.0018439784634082946,0.012003421783447266,0.00253978832459253,,8,1,"{'model__class_weight': None, 'model__max_depth': 8, 'model__min_samples_leaf': 1}",0.9795607592918061,0.9814400773195877,0.9821747664480224,0.9832877947822125,0.9772484428694157,0.980742368142209,0.00212703893098125,3,0.9915398734119285,0.9913229464818698,0.9922651615396919,0.9924396198880906,0.990848723349351,0.9916832649341863,0.0005928788490659855
0.05299644470214844,0.01497477138898665,0.011897850036621093,0.002857465496884466,,8,5,"{'model__class_weight': None, 'model__max_depth': 8, 'model__min_samples_leaf': 5}",0.9787886597938145,0.9808794199826572,0.9782218055378294,0.9808794199826572,0.9808387191539366,0.9799216048901791,0.0011703675068259485,5,0.9869300630189738,0.9868515128488532,0.9889658263168749,0.9882846926025901,0.9867831684022385,0.987563052637906,0.0008948432693115874
0.05296492576599121,0.02371972469061218,0.011239862442016602,0.0021525944372087634,,8,20,"{'model__class_weight': None, 'model__max_depth': 8, 'model__min_samples_leaf': 20}",0.9788682184653559,0.9771624256105069,0.978145577792124,0.9798959803263416,0.9759101159793815,0.977996463634742,0.0013739593256857489,8,0.982140382463629,0.981270473616266,0.9824367766282925,0.9810743314269054,0.9812491407699079,0.9816342209810003,0.0005466937425301919
0.04794397354125977,0.0074779483269577195,0.010256290435791016,0.0005950833550649324,,12,1,"{'model__class_weight': None, 'model__max_depth': 12, 'model__min_samples_leaf': 1}",0.979431132039646,0.9816248557581352,0.980710742047792,0.9814143865842895,0.9778289497538911,0.9802020132367508,0.0014127153351894176,4,0.9968020399180624,0.9969655678628929,0.9987386669838546,0.9968020399180624,0.9958321128368668,0.9970280855039478,0.000944726551870398
0.04962024688720703,0.012924088159537961,0.012223339080810547,0.0031055435437617154,,12,5,"{'model__class_weight': None, 'model__max_depth': 12, 'model__min_samples_leaf': 5}",0.980323589784076,0.982559281339557,0.9809015354800238,0.9808794199826572,0.9827865333754392,0.9814900719923505,0.0009903507047000204,2,0.9885249295514451,0.9887529712691197,0.990138657625287,0.9882846926025901,0.9890188067693506,0.9889440115635585,0.000644918778588676
0.050833511352539065,0.00869883684466844,0.01314077377319336,0.0030189827290034886,,12,20,"{'model__class_weight': None, 'model__max_depth': 12, 'model__min_samples_leaf': 20}",0.9788682184653559,0.9780069921179763,0.978145577792124,0.9798959803263416,0.9759101159793815,0.978165376936236,0.0013115375746943513,6,0.982140382463629,0.981270473616266,0.9824367766282925,0.9810743314269054,0.9812491407699079,0.9816342209810003,0.0005466937425301919
0.04442377090454101,0.0023045040982003074,0.010840082168579101,0.0006839412611899552,,,1,"{'model__class_weight': None, 'model__max_depth': None, 'model__min_samples_leaf': 1}",0.97625,0.9766587250185047,0.9789363047955281,0.9772178257569926,0.975215118430792,0.9768555948003634,0.0012294088695203975,9,1.0,1.0,1.0,1.0,1.0,1.0,0.0
0.04635748863220215,0.005925166011323085,0.010612201690673829,0.00041569069041764767,,,5,"{'model__class_weight': None, 'model__max_depth': None, 'model__min_samples_leaf': 5}",0.9814400773195877,0.982559281339557,0.9807166862871681,0.9808794199826572,0.9827865333754392,0.9816763996608818,0.000851346173882271,1,0.9887611024047297,0.9887529712691197,0.990138657625287,0.9882846926025901,0.9891936936936938,0.9890262235190841,0.000626159723637787
0.06926708221435547,0.023352024574704092,0.013011407852172852,0.003245973665840034,,,20,"{'model__class_weight': None, 'model__max_depth': None, 'model__min_samples_leaf': 20}",0.9788682184653559,0.9780069921179763,0.978145577792124,0.9798959803263416,0.9759101159793815,0.978165376936236,0.0013115375746943513,6,0.982140382463629,0.981270473616266,0.9824367766282925,0.9810743314269054,0.9812491407699079,0.9816342209810003,0.0005466937425301919
0.03398284912109375,0.006408076096412545,0.012482595443725587,0.0038305973368851906,balanced,3,1,"{'model__class_weight': 'balanced', 'model__max_depth': 3, 'model__min_samples_leaf': 1}",0.9387079664531532,0.9377502784289837,0.9296494373155837,0.9400688965582232,0.9349077380471192,0.9362168633606126,0.0036943202375652466,28,0.9340949603461293,0.9343311791262506,0.938762097114789,0.9376418376775969,0.9365030011375461,0.9362666150804623,0.0018240911578814687
0.03334236145019531,0.008542588099651135,0.011140537261962891,0.0006919856568285749,balanced,3,5,"{'model__class_weight': 'balanced', 'model__max_depth': 3, 'model__min_samples_leaf': 5}",0.9387079664531532,0.9377502784289837,0.9296494373155837,0.9400688965582232,0.9349077380471192,0.9362168633606126,0.0036943202375652466,28,0.9340949603461293,0.9343311791262506,0.938762097114789,0.9376418376775969,0.9365030011375461,0.9362666150804623,0.0018240911578814687
0.03320598602294922,0.005672253465317007,0.012703180313110352,0.00511686884955916,balanced,3,20,"{'model__class_weight': 'balanced', 'model__max_depth': 3, 'model__min_samples_leaf': 20}",0.9387079664531532,0.9377502784289837,0.9296494373155837,0.9400688965582232,0.934254780048343,0.9360862717608572,0.003749418650848302,30,0.9340949603461293,0.9343311791262506,0.938762097114789,0.9376418376775969,0.9352046474949222,0.9360069443519375,0.001863936431845159
0.0652653694152832,0.018900393434822808,0.016430473327636717,0.003927494457543549,balanced,5,1,"{'model__class_weight': 'balanced', 'model__max_depth': 5, 'model__min_samples_leaf': 1}",0.944940164501812,0.9457585294654259,0.9388943998186321,0.9442783893946591,0.9431828355453824,0.9434108637451823,0.0024105326859625263,23,0.9474631925699434,0.9487049382060891,0.9490513068911623,0.9510989846383119,0.9450358518678165,0.9482708548346647,0.0019956660292487676
0.038924646377563474,0.010754118724936979,0.011018800735473632,0.0006412950729532019,balanced,5,5,"{'model__class_weight': 'balanced', 'model__max_depth': 5, 'model__min_samples_leaf': 5}",0.9466275452488688,0.946477988339138,0.9384912693915137,0.9436135106588643,0.9419578736677101,0.943433637461219,0.0030366545572982602,22,0.9464318148929758,0.9475664976217029,0.9478083716730434,0.9505770704110319,0.9446261699846913,0.9474019849166891,0.0019452383367521372
0.040732383728027344,0.009651256471954231,0.011118555068969726,0.0007888157377762872,balanced,5,20,"{'model__class_weight': 'balanced', 'model__max_depth': 5, 'model__min_samples_leaf': 20}",0.9410565476190478,0.9422746822022634,0.9339419962732093,0.9418693256060403,0.9362852664576802,0.9390855636316482,0.0033497025330447277,27,0.9432525280863352,0.9411126763869132,0.9426756551629242,0.9459183612168496,0.9369145999924546,0.9419747641690954,0.002967299894760626
0.06230320930480957,0.04674792936503288,0.01771254539489746,0.011584391503127046,balanced,8,1,"{'model__class_weight': 'balanced', 'model__max_depth': 8, 'model__min_samples_leaf': 1}",0.9621349206349206,0.9519388828763831,0.9498544805550115,0.9519955762403604,0.9542064144736843,0.9540260549560718,0.004281761232062703,21,0.9705196238628961,0.9621216272016171,0.9713453648209976,0.9711139891375304,0.9661002713891064,0.9682401752824296,0.003608676024945085
0.047662973403930664,0.014230161880441204,0.011769294738769531,0.001852399768623584,balanced,8,5,"{'model__class_weight': 'balanced', 'model__max_depth': 8, 'model__min_samples_leaf': 5}",0.9627097646410023,0.952893602945617,0.9556819682959049,0.9530105037271289,0.9560603562005277,0.9560712391620362,0.0035689534630574385,20,0.9661009339667269,0.9594055672584523,0.9713453648209976,0.9683656568149841,0.9629972297045114,0.9656429505131344,0.004148377896271982
0.04665689468383789,0.007787648967082211,0.012972068786621094,0.003993539068210212,balanced,8,20,"{'model__class_weight': 'balanced', 'model__max_depth': 8, 'model__min_samples_leaf': 20}",0.9453959978055397,0.9421322600212304,0.9395585399874373,0.9390336829526764,0.9385663426788231,0.9409373646891414,0.0025477084294120264,26,0.9486689671543528,0.944202276570246,0.9515166300440687,0.944820980544899,0.9411212415187284,0.946066019166459,0.003632051232744605
0.046173810958862305,0.008878351460738515,0.015973281860351563,0.007500856681294275,balanced,12,1,"{'model__class_weight': 'balanced', 'model__max_depth': 12, 'model__min_samples_leaf': 1}",0.9709321355659283,0.9706848546499434,0.9728342067981124,0.9717119314354151,0.9673502650711072,0.9707026787041013,0.001835954705664257,12,0.9954583357792164,0.9868282552348746,0.9934291478010892,0.9950190317263913,0.9908960162943456,0.9923261573671833,0.0031796519671572674
0.04784870147705078,0.00800735468990699,0.014001607894897461,0.004227992205836427,balanced,12,5,"{'model__class_weight': 'balanced', 'model__max_depth': 12, 'model__min_samples_leaf': 5}",0.9729511595761021,0.9687045262147977,0.9665083526158361,0.9614610602094241,0.9677284775195351,0.967470715227139,0.0037058358420823177,16,0.9809168982085139,0.9755510999895541,0.9826796524714553,0.9833165087316657,0.9824339660924053,0.9809796250987188,0.002826271233674899
0.04171252250671387,0.0025330023409970447,0.011841773986816406,0.000994901642066636,balanced,12,20,"{'model__class_weight': 'balanced', 'model__max_depth': 12, 'model__min_samples_leaf': 20}",0.9471856038610248,0.9462165323722362,0.9387521008403361,0.9375561874349683,0.9396340052275244,0.941868885947218,0.004011930420714397,24,0.9498450229566491,0.9464621207883499,0.9516896826997686,0.94328145690166,0.9439379457453454,0.9470432458183545,0.0032732546959663654
0.04406585693359375,0.011047445855396845,0.014386510848999024,0.0035154258277917652,balanced,,1,"{'model__class_weight': 'balanced', 'model__max_depth': None, 'model__min_samples_leaf': 1}",0.971141265016645,0.9776117116156883,0.9786835660816807,0.975219182112386,0.9774900821063436,0.9760291613865487,0.0026919218491741393,10,1.0,1.0,1.0,1.0,1.0,1.0,0.0
0.04377613067626953,0.007536762060433475,0.010703182220458985,0.0009119758615052219,balanced,,5,"{'model__class_weight': 'balanced', 'model__max_depth': None, 'model__min_samples_leaf': 5}",0.9729511595761021,0.9724713557863932,0.9665083526158361,0.9627993955749689,0.9681970895407771,0.9685854706188154,0.0037974535436389235,15,0.9809168982085139,0.9796752323483071,0.9826796524714553,0.9846024196099618,0.9824339660924053,0.9820616337461286,0.0016722142452087324
0.03781623840332031,0.0018455997478615293,0.009059476852416991,0.0016620929068414643,balanced,,20,"{'model__class_weight': 'balanced', 'model__max_depth': None, 'model__min_samples_leaf': 20}",0.9471856038610248,0.9462165323722362,0.9387521008403361,0.9375561874349683,0.9396340052275244,0.941868885947218,0.004011930420714397,24,0.9498450229566491,0.9464621207883499,0.9516896826997686,0.94328145690166,0.9439379457453454,0.9470432458183545,0.0032732546959663654
